controller	idle_floor_config	num_cycles	wait_time	wait_time_interval	idle_time	idle_time_interval
Random	(2, 2, 2)	161	4.446762803656844	0.03865008018296676	0.5784811493368239	0.013609906806083823
Zoning	(2, 2, 2)	143	4.269959768461266	0.02940889605227721	0.4400954254907529	0.01180106109054127
Nearest	(2, 2, 2)	354	3.5169828309027675	0.028534138606636176	0.3349787203809491	0.010982287144132576
Random	(3, 5, 6)	169	4.478500206272472	0.034170350358556874	0.5679623099148328	0.012730687487946722
Zoning	(3, 5, 6)	157	4.150839211698088	0.028872947260471273	0.43701634533177325	0.010731853946247193
Nearest	(3, 5, 6)	334	3.513373572368966	0.03378911359569077	0.36741601521690886	0.011525616897885617
Random	(1, 6, 6)	110	4.656195794170494	0.034528584857850694	0.5249402054773583	0.012223379295308645
Zoning	(1, 6, 6)	125	4.2529490381822255	0.031174942362696936	0.40067741824810515	0.010552212554835507
Nearest	(1, 6, 6)	286	3.846666934072368	0.03204717864493347	0.364479055355309	0.011042079268463144
Random	(2, 2, 5)	161	4.435794877549448	0.039935359367759445	0.5815110891351127	0.011083091497927288
Zoning	(2, 2, 5)	173	4.088898919131637	0.03650760234374042	0.4619469833146725	0.012423435164076213
Nearest	(2, 2, 5)	332	3.461077067511302	0.030802325589955524	0.34043883436230055	0.010601557331954035
Random	(4, 4, 4)	204	4.296802992766985	0.03397474673032765	0.614062045717297	0.012624215217526075
Zoning	(4, 4, 4)	188	4.1493542305241595	0.03090486361241855	0.46859394897348844	0.012988931338726938
Nearest	(4, 4, 4)	398	3.2583470547455566	0.0312250016227845	0.3573165599468994	0.011201165018230442
Random	(1, 2, 2)	157	4.507282302050964	0.03375816902261068	0.5667141266413657	0.012901960179434237
Zoning	(1, 2, 2)	139	4.308169144840981	0.025733829190416273	0.4250437060659584	0.01115140868613173
Nearest	(1, 2, 2)	299	3.635654190206446	0.03277236194318839	0.3284396781860626	0.010269459229668168
Random	(1, 3, 3)	155	4.432812629019668	0.030453843085126716	0.5785437501866117	0.011851993151239405
Zoning	(1, 3, 3)	163	4.097024713535964	0.029781652361071016	0.4615031159474032	0.012587246303104163
Nearest	(1, 3, 3)	343	3.44217976307846	0.03181434972946118	0.3308773324964027	0.010683164042809671
Random	(1, 2, 5)	147	4.5333781611959	0.03918030522632879	0.5617399370100068	0.01255596627636008
Zoning	(1, 2, 5)	178	4.109308088740782	0.03075783699511323	0.4471196829407543	0.012257129943546054
Nearest	(1, 2, 5)	315	3.613279629595521	0.029433850483017204	0.3302824414483089	0.010991344439618533
Random	(4, 5, 6)	163	4.486597630919475	0.032800303431776125	0.5737165778693101	0.0121594197190841
Zoning	(4, 5, 6)	148	4.213826627601826	0.03308948305113463	0.4314856809129962	0.011074529494821433
Nearest	(4, 5, 6)	328	3.492911664509077	0.031283523344016594	0.37470671363799524	0.01006542838894701
Random	(3, 3, 5)	196	4.359852320206247	0.037689234040607235	0.6049379429188917	0.013287967439785317
Zoning	(3, 3, 5)	194	4.028421570660688	0.03385089714184327	0.4828661838429213	0.012733179613186337
Nearest	(3, 3, 5)	355	3.300586805345092	0.02975761247445757	0.3558792255401584	0.0111810769539225
Random	(1, 3, 6)	145	4.520668610818597	0.03582419424173212	0.55000682936501	0.011958532420258301
Zoning	(1, 3, 6)	175	3.9931232692392187	0.03578999813233437	0.4570355959401135	0.011958157266905198
Nearest	(1, 3, 6)	285	3.666694667007828	0.02962701361635228	0.3430724034311881	0.010987314760674827
Random	(3, 4, 4)	189	4.288648366688884	0.03218358336245467	0.6117249924265082	0.01326063601865564
Zoning	(3, 4, 4)	203	4.075220668162461	0.028998745785001393	0.4770913489226689	0.013564819513154804
Nearest	(3, 4, 4)	391	3.2179379103451047	0.02882643826932835	0.3593055626460031	0.011089522055378845
Random	(1, 4, 5)	138	4.48177590548345	0.03694067796720617	0.566787205384424	0.013065380276630728
Zoning	(1, 4, 5)	165	3.9666252933885318	0.033415769934171724	0.4774383975667667	0.012043943992310421
Nearest	(1, 4, 5)	317	3.5101516621487865	0.03131371358689958	0.3376077186989456	0.011480930827592455
Random	(5, 5, 6)	145	4.501858683025698	0.03010934560737491	0.5594988384364337	0.012091216085135427
Zoning	(5, 5, 6)	143	4.281385813724548	0.030639220492334304	0.4222079306042782	0.013054824814438959
Nearest	(5, 5, 6)	341	3.5772284212491163	0.030560256424967427	0.37788651390450845	0.011177327349829501
Random	(2, 4, 5)	156	4.406653989635667	0.034275887398697975	0.5882628354248315	0.01145028450183431
Zoning	(2, 4, 5)	185	3.935499357399365	0.0331164896926364	0.4887111462954298	0.012558756719034104
Nearest	(2, 4, 5)	348	3.352180139686956	0.030989081615229924	0.35282667511410476	0.011222105978567168
Random	(2, 3, 3)	180	4.354599839783765	0.03249741212391542	0.6021956539212128	0.012347439918208827
Zoning	(2, 3, 3)	193	4.0653250948310085	0.034230359562887225	0.47702638270026576	0.012751495275687951
Nearest	(2, 3, 3)	394	3.315394477465845	0.026607071894663836	0.34179798840138914	0.011803337498107984
Random	(2, 3, 6)	155	4.483685792861079	0.03310963121127192	0.5681939674096786	0.011939856513325737
Zoning	(2, 3, 6)	182	3.964908109361879	0.033203175185739175	0.47214094620069386	0.01219967100483982
Nearest	(2, 3, 6)	318	3.5112759198130887	0.03159848520026335	0.35133230975231233	0.011403622068568502
Random	(1, 1, 3)	145	4.545030851062523	0.032896755631242114	0.560069079442012	0.01111249794070582
Zoning	(1, 1, 3)	125	4.33527982958233	0.03473569001308608	0.40458754221363896	0.01215915534494953
Nearest	(1, 1, 3)	303	3.6469173703223476	0.03222663956138945	0.32287546181723387	0.010610944357995698
Random	(1, 1, 6)	117	4.661594969569836	0.03228344605075847	0.5258206966621738	0.011676477824996409
Zoning	(1, 1, 6)	118	4.2369047183161905	0.0340739527980317	0.40521017382526214	0.01038477151598603
Nearest	(1, 1, 6)	266	3.858840311215648	0.03127594346453904	0.3416724659867891	0.010688742253924162
Random	(1, 5, 6)	149	4.587154612355988	0.03328918593993262	0.5434004190585123	0.012764812647168985
Zoning	(1, 5, 6)	144	4.100690889942742	0.02980923509119778	0.43146153863363773	0.011563498060782986
Nearest	(1, 5, 6)	312	3.7474892664757755	0.030896694329453696	0.36008201189227024	0.011259960632813804
Random	(2, 2, 4)	181	4.386065926433415	0.0351063546259909	0.5962042784879565	0.013116949775181484
Zoning	(2, 2, 4)	167	4.147225568024689	0.03155377353049108	0.4558563526944513	0.012779149279638425
Nearest	(2, 2, 4)	365	3.4007814966787393	0.029072884291680867	0.3382181267198522	0.010846094699204304
Random	(3, 5, 5)	164	4.371807195237987	0.042721766275723265	0.5870097519239856	0.012329350843731388
Zoning	(3, 5, 5)	175	4.141981399745709	0.03210514902929711	0.4565378199193315	0.011886174593801067
Nearest	(3, 5, 5)	354	3.3824118777426024	0.030981876196560308	0.3616702531711596	0.011220340533359593
Random	(4, 4, 6)	150	4.4371722127730235	0.03353426077967714	0.5829196679339833	0.011156163899799265
Zoning	(4, 4, 6)	163	4.094270711016239	0.03440905969672241	0.4604904837616611	0.011460697912583492
Nearest	(4, 4, 6)	350	3.4346120845880117	0.029107597850262786	0.36690972756990287	0.010661631248461142
Random	(1, 2, 4)	146	4.463334538765858	0.03839234404943957	0.5785399129367013	0.01296372059390235
Zoning	(1, 2, 4)	171	4.1690455971735565	0.034814884150479945	0.4387750944936403	0.012653615834849334
Nearest	(1, 2, 4)	347	3.502367177623242	0.027233987005401982	0.3237397233390687	0.010837398261932599
Random	(2, 5, 6)	150	4.497940451153386	0.02870984721396285	0.5593101082727746	0.01216022578039921
Zoning	(2, 5, 6)	154	4.0837909987576255	0.034961529312169656	0.44786862298003477	0.011996518277094895
Nearest	(2, 5, 6)	313	3.5806782933120607	0.03327307701751193	0.3564255198791302	0.010826620919242051
Random	(4, 5, 5)	183	4.399965813554034	0.03181740292979086	0.5937759572037142	0.012383344939284656
Zoning	(4, 5, 5)	178	4.207307656026663	0.03067546145419143	0.44708084379888074	0.012404693881064775
Nearest	(4, 5, 5)	379	3.368013197758965	0.02909959703175223	0.3685063038818937	0.010968527360405319
Random	(4, 6, 6)	156	4.539642457912994	0.032417029050748336	0.5522467905328846	0.012791589399620027
Zoning	(4, 6, 6)	130	4.358531375558055	0.0323825772622146	0.4020725953941874	0.011105714394077155
Nearest	(4, 6, 6)	302	3.6359699391578326	0.031328800659940606	0.3755494839309693	0.011563780496692384
Random	(6, 6, 6)	112	4.703063458857396	0.030624899246947033	0.5264522239160974	0.011957747135571396
Zoning	(6, 6, 6)	103	4.516438635269486	0.028319842978891695	0.38350705639567934	0.010417312524542281
Nearest	(6, 6, 6)	287	3.810248785638556	0.033457736001971015	0.39367808999915216	0.01073550517855919
Random	(1, 4, 4)	160	4.436325146696424	0.028244839316270157	0.5886420015085121	0.011781970684819133
Zoning	(1, 4, 4)	181	4.023088392325573	0.03219860983413316	0.46971389964329757	0.012279181527520973
Nearest	(1, 4, 4)	341	3.463922612844905	0.030023329339318405	0.34265267600636046	0.010933592805692092
Random	(5, 5, 5)	146	4.457565505934907	0.03141150197112448	0.5815768626547458	0.012246808470531048
Zoning	(5, 5, 5)	154	4.265513372539299	0.03302032388973534	0.4386430286878132	0.012967931640843321
Nearest	(5, 5, 5)	391	3.4879901422275013	0.030632369469921438	0.37194537437092123	0.010735111498582079
Random	(3, 4, 6)	169	4.406546709448058	0.031434096143106126	0.5818504559652976	0.013012553515549499
Zoning	(3, 4, 6)	175	4.0033593663203195	0.02964562197582621	0.46640683551891243	0.012802353692690586
Nearest	(3, 4, 6)	343	3.41582432741772	0.03173584114729516	0.3664140926216527	0.0114668101381747
Random	(3, 3, 4)	200	4.301265651672486	0.03593959718587015	0.6152788831689385	0.01240957105714047
Zoning	(3, 3, 4)	192	4.083463618690328	0.03157654841425382	0.480328924726016	0.012606523298477
Nearest	(3, 3, 4)	375	3.211125501751881	0.030361045133610914	0.35234533314572863	0.011522762963175311
Random	(1, 3, 5)	157	4.431732373900075	0.029755898827866754	0.5746527525574835	0.01213833184913741
Zoning	(1, 3, 5)	179	3.9695264977750893	0.03441481403096305	0.47627120473241313	0.012900588894389185
Nearest	(1, 3, 5)	310	3.4996867409916628	0.031013847283644036	0.33835279962210557	0.01060113299136522
Random	(3, 6, 6)	154	4.524082512476487	0.03509785809959378	0.5539760254503742	0.012939887405130628
Zoning	(3, 6, 6)	147	4.269581049836384	0.028841754766699184	0.40681955849682216	0.011590734372809807
Nearest	(3, 6, 6)	296	3.6244467390473303	0.030653947571403658	0.37018300811153887	0.01090945007354159
Random	(2, 3, 5)	183	4.4056245933277305	0.02824355439154578	0.593072201940541	0.01295406968278302
Zoning	(2, 3, 5)	198	3.9554353619040534	0.0356227823920099	0.48962720384127356	0.012172087385526607
Nearest	(2, 3, 5)	319	3.361239395186218	0.03161771482416939	0.33862240413997147	0.011003032842618117
Random	(1, 1, 2)	126	4.574951042679541	0.03436941061861524	0.5433696196332054	0.012362928499153759
Zoning	(1, 1, 2)	123	4.4123385073536205	0.0329073914789143	0.39491561170350076	0.012277284394874258
Nearest	(1, 1, 2)	299	3.7537368100543347	0.029206556194311513	0.31487369747126365	0.010308468941719608
Random	(2, 4, 4)	187	4.361805425480386	0.03575841430180235	0.6093839092290134	0.012630698028311465
Zoning	(2, 4, 4)	185	4.007520615199234	0.033518522679068845	0.48366311848051796	0.013071388696937213
Nearest	(2, 4, 4)	368	3.3208077542121925	0.02817027338008752	0.3461897919410728	0.011096578918784615
Random	(1, 1, 5)	134	4.605682195397558	0.03385814493667293	0.5432264884263112	0.012220487588112047
Zoning	(1, 1, 5)	138	4.214858675569104	0.03171876514090779	0.41921486774940325	0.013051055624043788
Nearest	(1, 1, 5)	304	3.7416414722902616	0.031737626216920056	0.32400760993249084	0.011012120366662818
Random	(1, 5, 5)	183	4.511254927709961	0.040675277160908886	0.5610317528617544	0.013385670579848042
Zoning	(1, 5, 5)	160	4.070504338948134	0.03125279297444981	0.44906554972928464	0.012330701442302897
Nearest	(1, 5, 5)	310	3.5970214348532172	0.03231953540806557	0.34816037419025286	0.01046575148219482
Random	(5, 6, 6)	134	4.603185289402187	0.03260559352311819	0.5403056559007258	0.011873397261818826
Zoning	(5, 6, 6)	136	4.4093361562181075	0.030790529084661393	0.39548413241198616	0.01105254414495172
Nearest	(5, 6, 6)	313	3.7005673523740445	0.03609092968546956	0.38509786577152005	0.010303529135916305
Random	(2, 2, 3)	176	4.382220772098513	0.03231084203508096	0.5916876111120583	0.012059096610095285
Zoning	(2, 2, 3)	168	4.214881998408298	0.02887851921114498	0.448225098321156	0.012220005953186987
Nearest	(2, 2, 3)	375	3.4111808632042053	0.02757488154810032	0.33258402681539445	0.011013382167661198
Random	(2, 2, 6)	148	4.5082362402015805	0.03695677465277749	0.5658563870716299	0.011806150993001788
Zoning	(2, 2, 6)	163	4.088801346233922	0.03496269171899006	0.44774855898724986	0.011899297893972581
Nearest	(2, 2, 6)	286	3.640207709298878	0.031411965334308754	0.3425272587403043	0.010954358321412852
Random	(2, 5, 5)	169	4.46505707383972	0.03397757398658109	0.5841584095360535	0.01323701324280514
Zoning	(2, 5, 5)	173	4.069093060134306	0.03148885270833666	0.4588995308977033	0.013070309774962818
Nearest	(2, 5, 5)	339	3.463616019171518	0.030332287732378782	0.34695376219358326	0.010706021319549343
Random	(1, 2, 6)	140	4.55747479009954	0.03395468541388676	0.5395070826764536	0.012663605304672677
Zoning	(1, 2, 6)	153	4.1351392896676975	0.03162289970705977	0.4281622289495362	0.011712731971200435
Nearest	(1, 2, 6)	266	3.7447792682456136	0.03780999108006909	0.3373854501080658	0.010458878236741142
Random	(2, 6, 6)	131	4.5924716413836455	0.03553145114500694	0.5339900655495838	0.013786348220137055
Zoning	(2, 6, 6)	131	4.220199810537926	0.03117775334010237	0.4149761427572108	0.01193412841969085
Nearest	(2, 6, 6)	290	3.71647697630059	0.03139803770272274	0.3647368695513217	0.010423111524484321
Random	(4, 4, 5)	188	4.323067891408649	0.03365309711638915	0.6054045694991901	0.013479530525143552
Zoning	(4, 4, 5)	201	4.069027106242678	0.03344398912274804	0.47371621581867474	0.012533405024586143
Nearest	(4, 4, 5)	391	3.2932707223610835	0.030762350333433042	0.36599667929031404	0.011227976618897238
Random	(1, 2, 3)	161	4.469451433110471	0.03585233861546847	0.578521441836353	0.013243226278019824
Zoning	(1, 2, 3)	146	4.237201774648371	0.030734642727368904	0.43323833003999157	0.011597133138835264
Nearest	(1, 2, 3)	324	3.5188426190588147	0.030970666600230918	0.3260869154698289	0.010268916154304059
Random	(1, 4, 6)	143	4.5496342367435725	0.03605204086637171	0.547294971209918	0.012890174701135881
Zoning	(1, 4, 6)	156	3.9822596698413855	0.032712329246007255	0.4592223706720857	0.01108196503187161
Nearest	(1, 4, 6)	279	3.657474346979222	0.03297539440973104	0.347116082609466	0.011295979992075994
Random	(1, 3, 4)	165	4.405294174262799	0.03096207907594868	0.5797525478139951	0.013744708310899465
Zoning	(1, 3, 4)	176	4.024244270499355	0.02915765266403525	0.4691779477957376	0.01168741792082063
Nearest	(1, 3, 4)	324	3.4349686768648335	0.029534855331967667	0.3364965444578641	0.01052061038140139
Random	(3, 3, 3)	180	4.289760107032315	0.034537290502369374	0.6098641036173093	0.011761082439380958
Zoning	(3, 3, 3)	187	4.132110647210647	0.02846159913709492	0.4725181330541341	0.012646277854919551
Nearest	(3, 3, 3)	390	3.240747378943023	0.02500692446384262	0.34934074206141913	0.011487730386472163
Random	(3, 3, 6)	157	4.429859445738273	0.03265239752188035	0.5819126393575673	0.012821005776040409
Zoning	(3, 3, 6)	193	4.0299456525240185	0.032632022327113784	0.4675599172310361	0.012787641077299933
Nearest	(3, 3, 6)	337	3.428686465899169	0.03089743826661498	0.3560128843078678	0.01125981577277978
Random	(3, 4, 5)	190	4.331679855249517	0.034251167377224404	0.5992040102119865	0.011725228115262254
Zoning	(3, 4, 5)	200	4.011489202980635	0.032118619498613867	0.4849038041242032	0.012348879841758458
Nearest	(3, 4, 5)	400	3.2668726359928826	0.028555032022529726	0.36248279665193944	0.011365675510369842
Random	(2, 3, 4)	197	4.331554878014288	0.03194229679443899	0.6052532044636643	0.01239161628088766
Zoning	(2, 3, 4)	183	4.0199348986361585	0.032586654084821386	0.48534477111238095	0.012946596184368761
Nearest	(2, 3, 4)	355	3.305116300618002	0.02970840050068828	0.34109822948236795	0.011104002840360297
Random	(1, 1, 4)	162	4.532401862806127	0.03049799775729793	0.5595383424356933	0.012181030855575248
Zoning	(1, 1, 4)	133	4.27085296111437	0.03191040624700666	0.4132372588681101	0.01149713354714552
Nearest	(1, 1, 4)	300	3.6493791446197132	0.028148479455691898	0.3243965297714087	0.010041643594257197
Random	(2, 4, 6)	157	4.459653294335445	0.035312546727585284	0.5673088022358399	0.013388422475967257
Zoning	(2, 4, 6)	170	3.950739077414242	0.036641200681745485	0.4727375965943121	0.011711976624284392
Nearest	(2, 4, 6)	310	3.506390610566613	0.03044457284182232	0.3524541455249992	0.010301969655776056
Random	(1, 1, 1)	129	4.657603128325141	0.03070521671795985	0.5270686009247252	0.012166785113510596
Zoning	(1, 1, 1)	122	4.503217193999977	0.03543245197440842	0.386139917987392	0.012519070157744134
Nearest	(1, 1, 1)	285	3.876149118996622	0.03274375901431489	0.3103118697764967	0.009696504604235713
